Name,Date,Transaction,Attacker,Victim,Chain,Year
TheDAO,2016/6/17,0x0ec3f2488a93839524add10ea229e773f6bc891b4eb4794c3337d4495263790b,0x4a574510C7014E4AE985403536074ABE582AdfC8,0xBB9bc244D798123fDe783fCc1C72d3Bb8C189413,Ethereum,2021
Parity,2017/7/19,0x9dbf0326a03a2a3719c27be4fa69aacc9857fd231a8d9dcaede4bb083def75ec,0xB3764761E297D6f121e79C32A65829Cd1dDb4D32,0x77744a927271F12dc5b9B8887064f07C37648829,Ethereum,2021
BeautyChain,2018/4/22,0xad89ff16fd1ebe3a0a7cf4ed282302c06626c1af33221ebe0d3a470aba4a660f,0xb4d30cac5124b46c2df0cf3e3e1be05f42119033,0xc5d105e63711398af9bbff092d4b6769c82f793d,Ethereum,2021
SmartMesh,2018/4/25,0x1abab4c8db9a30e703114528e31dee129a3a758f7f8abc3b6494aad3d304e43f,0xd6a09bdb29e1eafa92a30373c44b09e2e2e0651e,0x55F93985431Fc9304077687a35A1BA103dC1e081,Ethereum,2021
EDU&BAI,2018/5/24,0xb3c0f46040c819235be17da38373e4075aaed3e4dd0fbd4fe25441eaea5bb259,0x72e28c7f34100afefc399fcc0ae041b8fe5841ae,0xa0872eE815B8dd0F6937386Fd77134720d953581,Ethereum,2021
Fomo3D,2018/7/31,0xe08a519c03cb0aed0e04b33104112d65fa1d3a48cd3aeab65f047b2abce9d508,0xa169df5ed3363cfc4c92ac96c6c5f2a42fccbf85,0xa62142888aba8370742be823c1782d17a0389da1,Ethereum,2021
SpankChain,2018/10/9,0x21e9d20b57f6ae60dac23466c8395d47f42dc24628e5a31f224567a2b4effa88,0xcf267ea3f1ebae3c29fea0a3253f94f3122c2199,0xf91546835f756da0c10cfa0cda95b15577b84aa7,Ethereum,2021
Uniswap,2020/4/18,0x9cb1d93d6859883361e8c2f9941f13d6156a1e8daa0ebe801b5d0b5a612723c1,0x60f3FdB85B2F7faaa888CA7AfC382c57F6415A81,0x1f9840a85d5aF5bf1D1762F925BDADdC4201F984,Ethereum,2021
Lendf.Me,2020/4/19,0xae7d664bdfcc54220df4f18d339005c6faf6e62c9ca79c56387bc0389274363b,0xA9BF70A420d364e923C74448D9D817d3F2A77822,0x0eEe3E3828A45f7601D5F54bF49bB01d1A9dF5ea,Ethereum,2021
Bancor,2020/6/18,0xdba03739b4a29594fd3c89881caffa1862ce4bd630ed5f849b9f22707332e59e,0xc8021b971e69e60C5Deede19528B33dCD52cDbd8,0x923cab01e6a4639664aa64b76396eec0ea7d3a5f,Ethereum,2021
Balancer,2020/6/29,0x013be97768b702fe8eccef1a40544d5ecb3c1961ad5f87fee4d16fdc08c78106,0xBF675C80540111A310B06e1482f9127eF4E7469A,0xC02aaA39b223FE8D0A0e5C4F27eAD9083C756Cc2,Ethereum,2021
Opyn,2020/8/4,0xa858463f30a08c6f3410ed456e59277fbe62ff14225754d2bb0b4f6a75fdc8ad,0x915C2D6f571d3d47A182Dd59D5F41e87d4c3fb8E,0x951D51bAeFb72319d9FBE941E1615938d89ABfe2,Ethereum,2021
Eminence,2020/9/29,0x3503253131644dd9f52802d071de74e456570374d586ddd640159cf6fb9b8ad8,0x223034EDbe95823c1160C16F26E3000315171cA9,0x5ade7aE8660293F2ebfcEfaba91d141d72d221e8,Ethereum,2021
DeFiSaver,2020/10/8,0xcd9dad40b409897d05fa0e60ed4e58eb99876febf94bc97679b7f45837ea86b7,0xBf2D5d8eBF05947245B3D7f38b2776A6a49710DD,0x9799b475dEc92Bd99bbdD943013325C36157f383,Ethereum,2021
Harvest,2020/10/26,0x4b7b9e387a79289720a0226f695913d1d11dbdc681b7218a432136cc089363c4,0xF224ab004461540778a914ea397c589b677E27bb,0x910Cbd523D972eb0a6f4cAe4618aD62622b39DbF,Ethereum,2021
CheeseBank,2020/11/6,0x600a869aa3a259158310a233b815ff67ca41eab8961a49918c2031297a02f1cc,0x882d72aaae187f54e85c7a0cb19dfec5316cd9aa,0xA04bDB1f11413a84D1F6C1d4d4FeD0208F2e68bF,Ethereum,2021
Akropolis,2020/11/12,0xddf8c15880a20efa0f3964207d345ff71fbb9400032b5d33b9346876bd131dc2,0x9f26ae5cd245bfeeb5926d61497550f79d9c6c1c,0xe2307837524Db8961C4541f943598654240bd62f,Ethereum,2021
OUSD,2020/11/17,0x646be3dd18187636b09bd61a15d43da0a1ce36af44d21e45f160ecf04a5a3e09,0xb77f7BBAC3264ae7aBC8aEDf2Ec5F4e7cA079F83,0x2A8e1E676Ec238d8A992307B495b45B3fEAa5e86,Ethereum,2021
WarpFinance,2020/12/18,0x8bb8dc5c7c830bac85fa48acad2505e9300a91c3ff239c9517d0cae33b595090,0xeBc6bD6aC2C9AD4adf4BA57E9F709b8B9CF03C40,0x13db1CB418573f4c3A2ea36486F0E421bC0D2427,Ethereum,2021
Spartan,2021/5/2,0xb64ae25b0d836c25d115a9368319902c972a0215bd108ae17b1b9617dfb93af8,0x3B6e77722e2bBe97C1cfA337B42C0939AEb83671,0xE4Ae305ebE1AbE663f261Bc00534067C80ad677C,Binance,2021
RariCapital,2021/5/8,0x171072422efb5cd461546bfe986017d9b5aa427ff1c07ebe8acc064b13a7b7be,0xCB36b1ee0Af68Dce5578a487fF2Da81282512233,0x67B66C99D3Eb37Fa76Aa3Ed1ff33E8e39F0b9c7A,Ethereum,2021
EvoDefi,2021/6/10,0x7c3b7f082a5c92b03a878ff5d7c7e645ce3bcd37901808b936b318c4f3cc3880,0x8a0a1eb0bae23e4e95608e3aad7fa25b0d907c6c,0xF1F8E3ff67E386165e05b2B795097E95aaC899F0,Binance,2021
ImpossibleFinance,2021/6/21,0x0220704a99ddfb982d26e65cc337f26b77dc057930b7aa1d848cc48ec77984a8,0x8e0d334a77614a7ce089c9246e9b1d7c7172ef02,0xB0e1fc65C1a741b4662B813eB787d369b8614Af1,Binance,2021
ElevenFinance,2021/6/22,0xeaaa8f4d33b1035a790f0d7c4eb6e38db7d6d3b580e0bbc9ba39a9d6b80dd250,0xc71e2f581b77de945c8a7a191b0b238c81f11ed6,0xAcD7B3D9c10e97d0efA418903C0c7669E702E4C0,Binance,2021
xWinFinance,2021/6/25,0xba0fa8c150b2408eec9bbbbfe63f9ca63e99f3ff53ac46ee08d691883ac05c1d,0xB63F0D8B9aA0c4E68D5630F54BFeFC6Cf2C2AD19,0xd88ca08d8eec1E9E09562213Ae83A7853ebB5d28,Binance,2021
ChainSwap,2021/7/11,0x83b4adaf73ad34c5c53aa9b805579ed74bc1391c5297201e6457cde709dff723,0xEda5066780dE29D00dfb54581A707ef6F52D8113,0x089165ac9a7bf61833da86268f34a01652543466,Binance,2021
ApeRocket,2021/7/14,0x701a308fba23f9b328d2cdb6c7b245f6c3063a510e0d5bc21d2477c9084f93e0,0x53d07afa123702469aB6cF286E9FF7033A7EFF65,0x274B5B7868c848Ac690DC9b4011e9e7e29133700,Binance,2021
ArrayFinance,2021/7/19,0xa17bbc7c9ab17aa88fdb5de83b41de982845e9c9c072efff6709dd29febf0daa,0x13370353f69665f36eb0a708f828c50dc23604af,0xC1ceD83D4dc4C63e92F79b9447981F3be5D53C83,Ethereum,2021
SanshuInu,2021/7/21,0xc7f3bfc56c8bf90b6d96357075ea6d41c87ea1ec8e5374ea763dd0ddeceb59d0,0x0333e323e61aa8afa38a1623604a165dcb9f4fec,0x35C674C288577Df3e9b5dafEF945795b741c7810,Ethereum,2021
THORChain,2021/7/22,0x10352e6ec052771a92f05f93e037e066873f64bb502d4488726697987f054595,0x8c1944FAC705ef172f21f905b5523Ae260F76d62,0x3155BA85D5F96b2d030a4966AF206230e46849cb,Ethereum,2021
WaultFinance,2021/8/4,0x31262f15a5b82999bf8d9d0f7e58dcb1656108e6031a2797b612216a95e1670e,0x886358f9296De461d12e791BC9Ef6F5a03410C64,0x55d398326f99059fF775485246999027B3197955,Binance,2021
PopsicleFinance,2021/8/4,0xcd7dae143a4c0223349c16237ce4cd7696b1638d116a72755231ede872ab70fc,0xf9E3D08196F76f5078882d98941b71C0884BEa52,0xc4ff55a4329f84f9Bf0F5619998aB570481EBB48,Ethereum,2021
PolyNetwork,2021/8/11,0xb1f70464bd95b774c6ce60fc706eb5f9e35cb5f06e6cfe7c17dcda46ffd59581,0xC8a65Fadf0e0dDAf421F28FEAb69Bf6E2E589963,0x71Fb9dB587F6d47Ac8192Cd76110E05B8fd2142f,Ethereum,2021
PunkProtocol,2021/8/11,0x7604c7dd6e9bcdba8bac277f1f8e7c1e4c6bb57afd4ddf6a16f629e8495a0281,0x1D5a56402425C1099497C1AD715A6b56aACcB72B,0x3BC6aA2D25313ad794b2D67f83f21D341cc3f5fb,Ethereum,2021
XSURGE,2021/8/16,0x7e2a6ec08464e8e0118368cb933dc64ed9ce36445ecf9c49cacb970ea78531d2,0x59c686272e6f11dC8701A162F938fb085D940ad3,0xE1E1Aa58983F6b8eE8E4eCD206ceA6578F036c21,Binance,2021
Pinecone,2021/8/19,0xe23ffa079edd975b5bd48503757040b7aa60e63d66972419fd56f4404c6d4da1,0x472a2c88c1a5f794eb80706e587d4a120d9be255,0xdcafaeb62673f8b5a928d85cd2dae22c83fab510,Binance,2021
CreamFinance,2021/8/31,0x0016745693d68d734faa408b94cdf2d6c95f511b50f47b03909dc599c1dd9ff6,0xcE1F4B4F17224ec6df16Eeb1e3e5321c54Ff6EDe,0x2ba592F78dB6436527729929AAf6c908497cB200,Ethereum,2021
DAOMaker,2021/9/4,0xd5e2edd6089dcf5dca78c0ccbdf659acedab173a8ab3cb65720e35b640c0af7c,0x2708cace7b42302af26f1ab896111d87faeff92f,0xc3820bA36f79157A5A85c610945a56e59f062471,Ethereum,2021
Indexed,2021/10/15,0x44aad3b853866468161735496a5d9cc961ce5aa872924c5d78673076b1cd95aa,0xba5ed1488be60ba2facc6b66c6d6f0befba22ebe,0x5bD628141c62a901E0a83E630ce5FaFa95bBdeE4,Ethereum,2021
Pancakehunny,2021/10/20,0x315a262f2cbafa33f7350427a5862169e2c667a92c99828ec0bf2103a483bf4c,0x731821d13414487ea46f1b485cfb267019917689,0x565b72163f17849832A692A3c5928cc502f46D69,Binance,2021
Nerve,2021/11/14,0xea95925eb0438e04d0d81dc270a99ca9fa18b94ca8c6e34272fc9e09266fcf1d,0xD5476194BdC298B6981F5414B693363F94d69228,0x91d1DBE983fBCbBAC198D5310f1d0C249bb54E65,Binance,2021
Formation.Fi,2021/11/21,0x5c9ac39ca05e51147d60156f085e650370a1e930f9f615f758fecb31deafb6ab,0x89640eb6c8d72606d6a0fff45415bff0ab0e3ae1,0x62931dEce3411Ada1038C09cD01bAa11dB08334B,Ethereum,2021
Ploutoz,2021/11/23,0x7fe46c2746855dd57e18f4d33522849ff192e4e26c74835799ba8dab89099457,0x2f618493b9ff77d61426e4dbf3b844666a6b315e,0xC789F6C658809eED4d1769a46fc7BCe5dbB8316E,Binance,2021
Lever,2021/11/27,0xb5365a299c07c81670e52934893793ad7c225a5cf30b641e20b451b2b5815593,0x1bD2c35424BCB28b79FF75b540bbE0c84902f76b,0xbc194e6f748a222754C3E8b9946922c09E7d4e91,Binance,2021
BentFinance,2021/12/21,0x0b2ce2f3822e09ca280d22e969d41b08e0df3ccfc75db08287e0e0c091dd6d50,0xd23cFFFa066F81c7640E3F0dc8Bb2958F7686D1F,0x270B6AFF561284ef380cDD6d8B036f4981049A86,Ethereum,2021
Visor,2021/12/22,0x69272d8c84d67d1da2f6425b339192fa472898dce936f24818fda415c1c1ff3f,0x8Efab89b497b887CDaA2FB08ff71e4b3827774B2,0xC9f27A50f82571C1C8423A42970613b8dBDA14ef,Ethereum,2021
Multichain,2022/1/18,0xe50ed602bd916fc304d53c4fed236698b71691a95774ff0aeeb74b699c6227f7,0xFA2731d0BEde684993AB1109DB7ecf5bF33E8051,0x6b7a87899490EcE95443e979cA9485CBE7E71522,Ethereum,2022
SandboxLAND,2022/2/8,0x34516ee081c221d8576939f68aee71e002dd5557180d45194209d6692241f7b1,0x6FB0B915D0e10c3B2ae42a5DD879c3D995377A2C,0x50f5474724e0Ee42D9a4e711ccFB275809Fd6d4a,Ethereum,2022
Umbrella,2022/3/20,0x33479bcfbc792aa0f8103ab0d7a3784788b5b0e1467c81ffbed1b7682660b4fa,0x1751E3E1aaF1A3E7b973C889b7531F43Fc59F7D0,0x6fC13EACE26590B80cCCAB1ba5d51890577D83B2,Ethereum,2022
Revest,2022/3/27,0xe0b0c2672b760bef4e2851e91c69c8c0ad135c6987bbf1f43f5846d89e691428,0xef967ECE5322c0D7d26Dab41778ACb55CE5Bd58B,0xA81bd16Aa6F6B25e66965A2f842e9C806c0AA11F,Ethereum,2022
SaddleFinance,2022/4/30,0x2b023d65485c4bb68d781960c2196588d03b871dc9eb1c054f596b7ca6f7da56,0x63341Ba917De90498F3903B199Df5699b4a55AC0,0x3F8E527aF4e0c6e763e8f368AC679c44C45626aE,Ethereum,2022
Fortress,2022/5/9,0x13d19809b19ac512da6d110764caee75e2157ea62cb70937c8d9471afcb061bf,0xA6AF2872176320015f8ddB2ba013B38Cb35d22Ad,0x4437743ac02957068995c48E08465E0EE1769fBE,Binance,2022
InverseFinance,2022/6/16,0x958236266991bc3fe3b77feaacea120f172c0708ad01c7a715b255f218f9313c,0x7b792E49f640676B3706d666075E903B3A4deEc6,0x1429a930ec3bcf5Aa32EF298ccc5aB09836EF587,Ethereum,2022
XCarnival,2022/6/26,0x61a6a8936afab47a3f2750e1ea40ac63430a01dd4f53a933e1c25e737dd32b2f,0xb7CBB4d43F1e08327A90B32A8417688C9D0B800a,0x34ca24ddcdaf00105a3bf10ba5aae67953178b85,Ethereum,2022
SpaceGodzilla,2022/7/13,0x7f183df11f1a0225b5eb5bb2296b5dc51c0f3570e8cc15f0754de8e6f8b4cca4,0x00a62EB08868eC6fEB23465F61aA963B89e57e57,0x2287c04a15bb11ad1358ba5702c1c95e2d13a5e0,Binance,2022
KaoyaSwap,2022/8/24,0xc8db3b620656408a5004844703aa92d895eb3527da057153f0b09f0b58208d74,0xd87FC924d4AfC6A0d086F12137CDDFeccf270307,0x879EAD67C92ec2bFa70fa9d157F500B7b31b64AB,Binance,2022
Ragnarok,2022/9/8,0x0e14cb7eabeeb2a819c52f313c986a877c1fa19824e899d1b91875c11ba053b0,0x91b7F203ED71C5eCCF83b40563e409D2F3531114,0xE48b75dc1b131fd3A8364b0580f76eFD04cF6e9c,Binance,2022
Templedao,2022/10/11,0x8c3f442fc6d640a6ff3ea0b12be64f1d4609ea94edd2966f42c01cd9bdcf04b5,0x9c9Fb3100A2a521985F0c47DE3B4598dafD25B01,0xd2869042E12a3506100af1D192b5b04D65137941,Ethereum,2022
Health,2022/10/20,0xae8ca9dc8258ae32899fe641985739c3fa53ab1f603973ac74b424e165c66ccf,0xDE78112FF006f166E4ccfe1dfE4181C9619D3b5D,0x32B166e082993Af6598a89397E82e123ca44e74E,Binance,2022
OlympusDAO,2022/10/21,0x3ed75df83d907412af874b7998d911fdf990704da87c2b1a8cf95ca5d21504cf,0x5f0b31AA37Bce387a8b21554a8360C6B8698FbEF,0x007FE7c498A2Cf30971ad8f2cbC36bd14Ac51156,Ethereum,2022
ULMEToken,2022/10/25,0xdb9a13bc970b97824e082782e838bdff0b76b30d268f1d66aac507f1d43ff4ed,0x056c20Ab7E25e4dd7E49568f964d98E415da63D3,0xf18e5EC98541D073dAA0864232B9398fa183e0d4,Binance,2022
VTFToken,2022/10/27,0x74c63833219e751a38908860b9092b4acda3fb10fecefed3c480f7f85a346742,0x57c112cf4f1E4e381158735B12aaf8384B60E1cE,0xc6548caF18e20F88cC437a52B6D388b0D54d830D,Binance,2022
TeamFinance,2022/10/27,0xb2e3ea72d353da43a2ac9a8f1670fd16463ab370e563b9b5b26119b2601277ce,0x161cebB807Ac181d5303A4cCec2FC580CC5899Fd,0x2d4ABfDcD1385951DF4317f9F3463fB11b9A31DF,Ethereum,2022
Brahma,2022/11/9,0xeaef2831d4d6bca04e4e9035613be637ae3b0034977673c1c2f10903926f29c0,0x6FA00a7324DC293eA8ECf56fe3143104494C4213,0xA0b86991c6218b36c1d19D4a2e9Eb0cE3606eB48,Ethereum,2022
DFXFinance,2022/11/10,0x52c53c5a2ae3082b8765dd5924d6ad0dc704223f6d0c98325a1b9ccd9d134ef7,0x14c19962E4A899F29B3dD9FF52eBFb5e4cb9A067,0x46161158b1947D9149E066d6d31AF1283b2d377C,Ethereum,2022
SheepFarm,2022/11/16,0x8b3e0e3ea04829f941ca24c85032c3b4aeb1f8b1b278262901c2c5847dc72f1c,0x2131C67eD7b6AA01B7aA308c71991Ef5BaEdd049,0x4726010da871f4b57b5031E3EA48Bde961F122aA,Binance,2022
Numbers,2022/11/23,0x8a8145ab28b5d2a2e61d74c02c12350731f479b3175893de2014124f998bff32,0xb792FAF099991f96c5dfEf037Ae9f248186D9b30,0x765277EebeCA2e31912C9946eAe1021199B39C61,Ethereum,2022
NimbusDAO,2022/12/14,0x42f56d3e86fb47e1edffa59222b33b73e7407d4b5bb05e23b83cb1771790f6c1,0x86Aa1c46f2Ae35ba1B228dC69fB726813D95b597,0x3aA2B9de4ce397d93E11699C3f07B769b210bBD5,Binance,2022
Rubic,2022/12/25,0x9a97d85642f956ad7a6b852cf7bed6f9669e2c2815f3279855acf7f1328e7d46,0x001B91c794dFEecf00124D3F9525DD32870B6ee9,0x3335A88bb18fD3b6824b59Af62b50CE494143333,Ethereum,2022
GDS Chain,2023/1/3,0x2bb704e0d158594f7373ec6e53dc9da6c6639f269207da8dab883fc3b5bf6694,0xcf2362b46669e04b16d0780cf9b6e61c82de36a7,0xC1Bb12560468fb255A8e8431BDF883CC4cB3d278,Binance,2023
BRA Token,2023/1/10,0x6759db55a4edec4f6bedb5691fc42cf024be3a1a534ddcc7edd471ef205d4047,0x67a909f2953fb1138bea4b60894b51291d2d0795,0x449FEA37d339a11EfE1B181e5D5462464bBa3752,Binance,2023
CirculateBUSD,2023/1/12,0x3475278b4264d4263309020060a1af28d7be02963feaf1a1e97e9830c68834b3,0x5695ef5f2e997b2e142b38837132a6c3ddc463b7,0x9639d76092b2ae074a7e2d13ac030b4b6a0313ff,Binance,2023
OMNI Real Estate,2023/1/17,0x49bed801b9a9432728b1939951acaa8f2e874453d39c7d881a62c2c157aa7613,0x9bbd94506398a1459f0cd3b2638512627390255e,0x26bc1245b8476086e85553e60ee5e3e59fed9be0,Binance,2023
Orion Protocol,2023/2/2,0xa6f63fcb6bec8818864d96a5b1bb19e8bd85ee37b2cc916412e720988440b2aa,0x837962b686Fd5A407fb4e5f92E8Be86A230484Bd,0x98a877bb507f19Eb43130B688F522a13885Cf604,Ethereum,2023
LiveCryptoParty,2023/2/5,0x7ca8b3f04ba3947acbfccf21c6394e5f90d66e7141134fa6d2d3ca7c7d3f2b34,0x52d65a9f6d6cc83143b83b4e692cc338325b4d60,0xFB2A9B3EEE6376F7095663B4D6ea8c39B634132A,Binance,2023
Degen Millionares Club,2023/2/5,0x80bc0251cd8eb0303c8144d96f3283991736b1afd98bbcb0065c7594ed8b1d47,0x8faa29efb03ce3eaacc695bc5d68fcb1f4e13df3,0xA176c5288f6Da30dD481a7050F0432B5b3745015,Binance,2023
CoW Swap,2023/2/7,0x92f906bce94bab417cccc87ae046448d7fb8c2c0350b7ed911545577acb3bfc1,0x55a37a2e5e5973510ac9d9c723aec213fa161919,0x9008d19f58aabd9ed0d60971565aa8510560ab41,Ethereum,2023
Dexible,2023/2/17,0x138daa4cbeaa3db42eefcec26e234fc2c89a4aa17d6b1870fc460b2856fd11a6,0x684083f312ac50f538cc4b634d85a2feafaab77a,0x33e690aea97e4ef25f0d140f1bf044d663091daf,Ethereum,2023
Dynamic Finance,2023/2/22,0xc09678fec49c643a30fc8e4dec36d0507dae7e9123c270e1f073d335deab6cf0,0x0c925a25fdaac4460cab0cc7abc90ff71f410094,0xa7B5eabC3Ee82c585f5F4ccC26b81c3Bd62Ff3a9,Binance,2023
Cryptoninja World NFT,2023/2/22,0x2341360067fabb431f19a90ced9a9f23ac08b6269a49acfef7ada96356552659,0xd19cb00f7ae69003494651853117e703b3f46992,0xd93704f2a0eA3Db109dE194D4a51ff3e5e77CEfd,Ethereum,2023
SwapX,2023/2/27,0x3ee23c1585474eaa4f976313cafbc09461abb781d263547c8397788c68a00160,0x7d192fa3a48c307100c3e663050291fff786aa1f,0x6d8981847eb3cc2234179d0f0e72f6b6b2421a01,Binance,2023
phxProxy,2023/2/28,0x4fa408240472eba59140da0a11a6e1ab9d947a58ee96bc3a24af7952abd737eb,0x80d98aa244e95172c682b6711b91427944e495e7,0x66be80C796Cba0844dAcE3E291632Bfd397Bd7A0,Binance,2023
DKP Token,2023/3/8,0x0c850f54c1b497c077109b3d2ef13c042bb70f7f697201bcf2a4d0cb95e74271,0xF38B677fa6E9E51338D0c32FD21afe43406E06Df,0x89257a52ad585aacb1137fcc8abbd03a963b9683,Binance,2023
Euler Finance,2023/3/13,0x3097830e9921e4063d334acb82f6a79374f76f0b1a8f857e89b89bc58df1f311,0x5f259d0b76665c337c6104145894f4d1d2758b8c,0xbb0d4bb654a21054af95456a3b29c63e8d1f4c0a,Ethereum,2023
Poolz Finance,2023/3/15,0x39718b03ae346dfe0210b1057cf9f0c378d9ab943512264f06249ae14030c5d5,0x190Cd736F5825ff0Ae0141B5C9cb7Fcd042cef2a,0x8BfAA473a899439d8E07BF86a8C6cE5De42fE54B,Binance,2023
Safemoon,2023/3/29,0x48e52a12cb297354a2a1c54cbc897cf3772328e7e71f51c9889bb8c5e533a934,0x286e09932b8d096cba3423d12965042736b8f850,0xEb11a0a0beF1AC028B8C2d4CD64138DD5938cA7A,Binance,2023
Allbridge,2023/4/2,0x7ff1364c3b3b296b411965339ed956da5d17058f3164425ce800d64f1aef8210,0xC578d755Cd56255d3fF6E92E1B6371bA945e3984,0x179aaD597399B9ae078acFE2B746C09117799ca0,Binance,2023
SushiSwap,2023/4/9,0xea3480f1f1d1f0b32283f8f282ce16403fe22ede35c0b71a732193e56c5c45e8,0x719cdb61e217de6754ee8fc958f2866d61d565cf,0x044b75f554b886A065b9567891e45c79542d7357,Ethereum,2023
MetaPoint,2023/4/12,0xccd12f22629b2c42d2b680362dadbd1b3d89cb4a87a8c9b297766b4974c6ad34,0x0d1969a30bb4ba02e731862edbced5f5abba8373,0x0f6c39efa4db888ff9f73175dff0129d4b7166cb,Binance,2023
Ocean Life,2023/4/19,0xa21692ffb561767a74a4cbd1b78ad48151d710efab723b1efa5f1e0147caab0a,0xfB8EF8dE849079559801BFF8848178640CDd41B7,0xb5a0Ce3Acd6eC557d39aFDcbC93B07a1e1a9e3fa,Binance,2023
Unlock Protocol,2023/4/21,0x4ac413c3c6edd445d1f09cd770d6aafab19b0b58fde7d0cefc74e17265033ef6,0x43ee4169d9fF5E5b10Ca42923b1e5D07a157bB71,0xdcb2f7d1fb126a166e7168e1d84e415b3ffd6b93,Ethereum,2023
Level Finance,2023/5/2,0xe1f257041872c075cbe6a1212827bc346df3def6d01a07914e4006ec43027165,0x61bBd8c1Bc09C4f4549F3f77bE5Ad61A9929412e,0x9F00fbD6c095D2C542687Ed5afB68D9c3fB2F464,Binance,2023
SNOOKER,2023/5/10,0x7394f2520ff4e913321dd78f67dd84483e396eb7a25cbb02e06fe875fc47013a,0x6B67f9e79180e08cB42132754BC9f88558b1e535,0xa3f5ea945c4970f48e322f1e70f4cc08e70039ee#code#L797,Binance,2023
SellToken,2023/5/13,0xfe80df5d689137810df01e83b4bb51409f13c865e37b23059ecc6b3d32347136,0xa3aa817587556C023e78B2285D381C68CEe17069,0xeaF83465025b4Bf9020fdF9ea5fB6e71dC8a0779,Binance,2023
Local Traders,2023/5/23,0x57b589f631f8ff20e2a89a649c4ec2e35be72eaecf155fdfde981c0fec2be5ba,0xd771dfa8fa59bd2d1251a0481fca0cf216276dd7,0x312DC37075646c7e0DBA21DF5BdFe69E76475fdc,Binance,2023
CS Token,2023/5/24,0x906394b2ee093720955a7d55bff1666f6cf6239e46bea8af99d6352b9687baa4,0x2cDEee9698fFc9fCAbc116b820C24E89184027BA,0x8BC6Ce23E5e2c4f0A96429E3C9d482d74171215e,Binance,2023
Sashimi Swap,2023/5/31,0xdf719d2535be32e302c1670a7453bdf648101a43b412e44d9e7e3e3754cc3387,0xa8189407A37001260975b9dA61a81c3Bd9F55908,0x24cefa86fc1826fd31b4cb911034907735f8085a,Binance,2023
Cellframe Network,2023/6/1,0x943c2a5f89bc0c17f3fe1520ec6215ed8c6b897ce7f22f1b207fea3f79ae09a6,0x2525c811EcF22Fc5fcdE03c67112D34E97DA6079,0xB4E47c13dB187D54839cd1E08422Af57E5348fc1,Binance,2023
DEPUSDT LEVUSDC,2023/6/15,0xf0a13b445674094c455de9e947a25bade75cac9f5176695fca418898ea25742f,0x7021C1B142eb634Fa0749CDA270c7AFF74Dc3B7f,0x27c55a6bd85e79c70c9b2caa003d55a2ece01565,Ethereum,2023
Pawnfi,2023/6/17,0xe855cc3bad87933bf742fd474bd0ae0ec58d45e9c1a0643b9700dafe8faf0864,0x8f7370D5d461559f24b83ba675b4C7e2Fdb514cC,0x85018CF6F53c8bbD03c3137E71F4FCa226cDa92C,Ethereum,2023
Midas Capital,2023/6/17,0x4a304ff08851106691f626045b0f55d403e3a0958363bdf82b96e8ce7209c3a6,0x4b92cC3452Ef1E37528470495B86d3F976470734,0xF8527Dc5611B589CbB365aCACaac0d1DC70b25cB,Binance,2023
Shido,2023/6/24,0x72f8dd2bcfe2c9fbf0d933678170417802ac8a0d8995ff9a56bfbabe3aa712d6,0x69810917928B80636178b1BB011c746efe61770D,0xaF0CA21363219C8f3D8050E7B61Bb5f04e02F8D4,Binance,2023
BambooAI,2023/7/4,0x88a6c2c3ce86d4e0b1356861b749175884293f4302dbfdbfb16a5e373ab58a10,0x00703FACe6621bD207d3B4AC9867058190C0bB09,0xED56784bC8F2C036f6b0D8E04Cb83C253e4a6A94,Binance,2023
ArcadiaFi,2023/7/10,0xefc4ac015069fdf9946997be0459db44c0491221159220be782454c32ec2d651,0x5C75e94dD0Ab9c10BFd1B8073DafEF031D3c050d,0x3Ae354d7E49039CcD582f1F3c9e65034fFd17baD,Ethereum,2023
BNO,2023/7/18,0x33fed54de490797b99b2fc7a159e43af57e9e6bdefc2c2d052dc814cfe0096b9,0xdc109426972ae14d5B3D7e91B47D42fF1fd3C8cc,0xdca503449899d5649d32175a255a8835a03e4006#code,Binance,2023
FFIST,2023/7/20,0x199c4b88cab6b4b495b9d91af98e746811dd8f82f43117c48205e6332db9f0e0,0xCc8617331849962c27F91859578dC91922F6F050,0x80121DA952A74c06adc1d7f85A237089b57AF347,Binance,2023
JPEG,2023/7/30,0xa84aa065ce61dbb1eb50ab6ae67fc31a9da50dd2c74eefd561661bfce2f1620c,0x6ec21d1868743a44318c3c259a6d4953f9978538,0x6326debbaa15bcfe603d831e7d75f4fc10d9b43e,Ethereum,2023
Uwerx,2023/8/2,0x3b19e152943f31fe0830b67315ddc89be9a066dc89174256e17bc8c2d35b5af8,0x6057A831D43c395198A10cf2d7d6D6A063B1fCe4,0x4306b12f8e824ce1fa9604bbd88f2ad4f0fe3c54,Ethereum,2023
Earning Farm,2023/8/9,0x6e6e556a5685980317cb2afdb628ed4a845b3cbd1c98bdaffd0561cb2c4790fa,0xee4b3dd20902Fa3539706F25005fa51D3b7bDF1b,0x863e572B215Fd67C855d973F870266cF827AEa5e,Ethereum,2023
Zunami Protocol,2023/8/14,0x0788ba222970c7c68a738b0e08fb197e669e61f9b226ceec4cab9b85abe8cceb,0x5f4C21c9Bb73c8B4a296cC256C0cDe324dB146DF,0xb40b6608B2743E691C9B54DdBDEe7bf03cd79f1c,Ethereum,2023
DAppSocial,2023/9/2,0xbd72bccec6dd824f8cac5d9a3a2364794c9272d7f7348d074b580e3c6e44312e,0x7d9bC45a9ABDA926A7Ce63f78759dBFA9Ed72e26,0x319Ec3AD98CF8b12a8BE5719FeC6E0a9bb1ad0D1,Ethereum,2023
Banana token,2023/9/11,0xb20d3d31b26d49ef70ccf71804ca157d4f5f44d403f10793693b74f227ff29fb,0x5e46884a77e0ac5f3126e30720bd5218814dc5e2,0xCcF5CF1D039F1a7B66Be855B79B14A01D0a4dbd5,Ethereum,2023
Hope Lend,2023/10/18,0x1a7ee0a7efc70ed7429edef069a1dd001fbff378748d91f17ab1876dc6d10392,0xA8Bbb3742f299B183190a9B079f1C0db8924145b,0x3a6D9BF8286a4aDa77c15EcF82D4c0C0AF95BE74,Ethereum,2023
Maestro,2023/10/25,0xc087fbd68b9349b71838982e789e204454bfd00eebf9c8e101574376eb990d92,0xce6397e53c13ff2903ffe8735e478d31e648a2c6,0x80a64c6D7f12C47B7c66c5B4E20E72bc1FCd5d9e,Ethereum,2023
Astrid,2023/10/28,0x8af9b5fb3e2e3df8659ffb2e0f0c1f4c90d5a80f4f6fccef143b823ce673fb60,0x792eC27874E1F614e757A1ae49d00ef5B2C73959,0x4d5b4b9ccf52bbcfe7b71b3038d8577293779e0c,Ethereum,2023
Onyx Protocol,2023/11/1,0xf7c21600452939a81b599017ee24ee0dfd92aaaccd0a55d02819a7658a6ef635,0x085bDfF2C522e8637D4154039Db8746bb8642BfF,0x9dcb6bc351ab416f35aeab1351776e2ad295abc4,Ethereum,2023
TrustPad,2023/11/7,0x191a34e6c0780c3d1ab5c9bc04948e231d742b7d88e0e4f85568d57fcdc03182,0x1a7b15354e2F6564fcf6960c79542DE251cE0dC9,0x129F4ac88b0446f9B46B176c93531e6cF4687657,Binance,2023
KyberSwap,2023/11/23,0x485e08dc2b6a4b3aeadcb89c3d18a37666dc7d9424961a2091d6b3696792f0f3,0x50275E0B7261559cE1644014d4b78D4AA63BE836,0xFd7B111AA83b9b6F547E617C7601EfD997F64703,Ethereum,2023
JAY Token,2023/11/29,0xd4fafa1261f6e4f9c8543228a67caf9d02811e4ad3058a2714323964a8db61f6,0x0348d20b74ddc0ac9bfc3626e06d30bb6fac213b,0xf2919D1D80Aff2940274014bef534f7791906FF2,Ethereum,2023
Transit Finance,2023/12/20,0x93ae5f0a121d5e1aadae052c36bc5ecf2d406d35222f4c6a5d63fef1d6de1081,0xf7552ba0eE5BEd0f306658F4A1201f421d703898,0x00000047bB99ea4D791bb749D970DE71EE0b1A34,Binance,2023
Orbit Chain,2023/12/31,0x958aeec58ea2f0f9700adda24e43fb76f9e052e4c20773f180c49d7529d95f16,0x9263e7873613DDc598a701709875634819176AfF,0x1Bf68A9d1EaEe7826b3593C20a0ca93293cb489a,Ethereum,2023
OrbitChain,2024/1/1,0x958aeec58ea2f0f9700adda24e43fb76f9e052e4c20773f180c49d7529d95f16,0x9263e7873613DDc598a701709875634819176AfF,0x1Bf68A9d1EaEe7826b3593C20a0ca93293cb489a,Ethereum,2024
WiseLending,2024/1/13,0x04e16a79ff928db2fa88619cdd045cdfc7979a61d836c9c9e585b3d6f6d8bc31,0xB90CF1d740B206B6d80854BC525E609Dc42B45Dc,0x37e49bf3749513A02FA535F0CbC383796E8107E4,Ethereum,2024
BasketDAO,2024/1/17,0x97201900198d0054a2f7a914f5625591feb6a18e7fc6bb4f0c964b967a6c15f6,0x63136677355840f26c0695dd6de5c9e4f514f8e8,0x4622aff8e521a444c9301da0efd05f6b482221b8,Ethereum,2024
Socket,2024/1/17,0x591d054a9db63f0976e533f447df482bed5f24d7429646570b2108a67e24ce54,0x50DF5a2217588772471B84aDBbe4194A2Ed39066,0x3a23F943181408EAC424116Af7b7790c94Cb97a5,Ethereum,2024
BarleyFinance,2024/1/29,0xb95f56a93af1dbf477b2c527e186cc37aa4a973f8007717ff6c58ac62eb28a62,0x7B3a6EFF1C9925e509C2b01A389238c1FCC462B6,0x04c80Bb477890F3021F03B068238836Ee20aA0b8,Ethereum,2024
MIMSpell,2024/1/30,0xdb4616b89ad82062787a4e924d520639791302476484b9a6eca5126f79b6d877,0x87F585809Ce79aE39A5fa0C7C96d0d159eb678C9,0x7259e152103756e1616A77Ae982353c3751A6a90,Ethereum,2024
Seneca,2024/2/28,0xee02781eda4108f8fb3cca8355218961ad3a3e769b3de8a869acb8ed1654a67e,0x94641c01a4937f2c8ef930580cf396142a2942dc,0xc69Ad9baB1dEE23F4605a82b3354F8E40d1E5966,Ethereum,2024
IT,2024/3/14,0xb33057f57ce451aa8cbb65508d298fe3c627509cc64a394736dace2671b6dcfa,0xB495573Cd2246e7cc7D6d2B37d779463295e5ab0,0x0F3E75E4552EABbE2777d78E940E9552eB9C8D8b,Binance,2024
ParaSwap,2024/3/20,0x35a73969f582872c25c96c48d8bb31c23eab8a49c19282c67509b96186734e60,0xFDe0d1575Ed8E06FBf36256bcdfA1F359281455A,0x00000000FdAC7708D0D360BDDc1bc7d097F47439,Ethereum,2024
Curio,2024/3/23,0x4ff4028b03c3df468197358b99f5160e5709e7fce3884cc8ce818856d058e106,0xdaaa6294c47b5743bdafe0613d1926ee27ae8cf5,0xf56b164efd3cfc02ba739b719b6526a6fa1ca32a,Ethereum,2024
PrismaFi,2024/3/28,0xdc5c56869862f7da6527ec68da9d8e1e04ccc3ca16a6b3ebe8f714432d505245,0x7E39E3B3ff7ADef2613d5Cc49558EAB74B9a4202,0xD996073019c74B2fB94eAD236e32032405bC027c,Ethereum,2024
OpenLeverage,2024/4/1,0x0434bf08a63d70b84fad033d38d8b645498016b3931af4d13f6c11e86848876b,0x5bB5b6D41c3e5E41d9b9eD33d12F1537A1293D5f,0xF436F8FE7B26D87eb74e5446aCEc2e8aD4075E47,Binance,2024
UPS,2024/4/9,0xd03702e17171a32464ce748b8797008d59e2dbcecd3b3847d5138414566c886d,0xc4c306c20B4A22F1d261F11C40e88603dD2A2888,0x3dA4828640aD831F3301A4597821Cc3461B06678,Binance,2024
Hedgey,2024/4/19,0x03c73a343b5a481c9431af2f4a2146a0e77522a23e5cca9b2ea024778589967f,0xDed2b1a426E1b7d415A40Bcad44e98F47181dda2,0xBc452fdC8F851d7c5B72e1Fe74DFB63bb793D511,Ethereum,2024
NGFS,2024/4/25,0x8ff764dde572928c353716358e271638fa05af54be69f043df72ad9ad054de25,0xD03D360Dfc1daC7935E114D564a088077E6754a0,0xa608985f5b40CDf6862bEC775207f84280a91E3A,Binance,2024
PikeFinance,2024/4/26,0xe2912b8bf34d561983f2ae95f34e33ecc7792a2905a3e317fcc98052bce66431,0x19066f7431df29A0910d287C8822936Bb7D89E23,0xFC7599cfFea9De127a9f9C748CCb451a34d2F063,Ethereum,2024
OSN,2024/5/6,0xc7927a68464ebab1c0b1af58a5466da88f09ba9b30e6c255b46b1bc2e7d1bf09,0x835B45D38cbDccf99E609436FF38E31Ac05bc502,0x810f4C6AE97BCC66DA5Ae6383CC31BD3670f6d13,Binance,2024
GPU,2024/5/8,0x2c0ada695a507d7a03f4f308f545c7db4847b2b2c82de79e702d655d8c95dadb,0xcC78063840428c5aE53f3DC6D80759984788Cbc0,0xf51CBf9F8E089Ca48e454EB79731037a405972ce,Binance,2024
GalaxyFox,2024/5/10,0x12fe79f1de8aed0ba947cec4dce5d33368d649903cb45a5d3e915cc459e751fc,0xfce19f8f823759b5867ef9a5055a376f20c5e454,0x11a4a5733237082a6c08772927ce0a2b5f8a86b6,Ethereum,2024
MineSTM,2024/6/6,0x849ed7f687cc2ebd1f7c4bed0849893e829a74f512b7f4a18aea39a3ef4d83b1,0x40a82DFDBF01630eA87a0372CF95FA8636fcAD89,0xBd0DF7D2383B1aC64afeAfdd298E640EfD9864e0,Binance,2024
UwULend,2024/6/10,0xca1bbf3b320662c89232006f1ec6624b56242850f07e0f1dadbe4f69ba0d6ac3,0x841ddf093f5188989fa1524e7b893de64b421f47,0x9bc6333081266e55d88942e277fc809b485698b9,Ethereum,2024
MRP,2024/7/2,0x4353a6d37e95a0844f511f0ea9300ef3081130b24f0cf7a4bd1cae26ec393101,0x132D9bbDBE718365aF6Cc9e43bac109A9A53B138,0x35f5cef517317694df8c50c894080caa8c92af7d,Binance,2024
DoughFinance,2024/7/12,0x589e9a809ba14ff30fa22333f2432c364377df9ebf2681b6321aaca3028ff613,0x67104175fc5fabbdb5A1876c3914e04B94c71741,0x534a3bb1ecb886ce9e7632e33d97bf22f838d085,Ethereum,2024
LIFI,2024/7/16,0x82f47783e8d3029767090ed9a5ac3e2774d04b8fe908c9ca1f959d1b8c6a83a9,0x7742Ed59E9ecF1712BC4c6bDd0c526e903a7f2C8,0xf28A352377663cA134bd27B582b1a9A4dad7e534,Ethereum,2024
Spectra,2024/7/23,0x491cf8b2a5753fdbf3096b42e0a16bc109b957dc112d6537b1ed306e483d0744,0x53635bF7B92B9512F6De0eB7450b26d5d1AD9a4C,0x3d20601ac0ba9cae4564ddf7870825c505b69f1a,Ethereum,2024
Convergence,2024/8/1,0x636be30e58acce0629b2bf975b5c3133840cd7d41ffc3b903720c528f01c65d9,0x03560A9D7A2c391FB1A087C33650037ae30dE3aA,0x2b083beaaC310CC5E190B1d2507038CcB03E7606,Ethereum,2024
Ronin,2024/8/6,0xbce5b8548db486c561948e8a177c8ccaa72810f972cee3909ea50af015a60ad8,0x1a56abf4fe95e21c1704cbd5ffc79ea1effa3cc1,0x64192819Ac13Ef72bF6b5AE239AC672B43a9AF08,Ethereum,2024
iVest,2024/8/12,0x12f27e81e54684146ec50973ea94881c535887c2e2f30911b3402a55d67d121d,0x4645863205b47a0A3344684489e8c446a437D66C,0x786fCF76dC44B29845f284B81f5680b6c47302c6,Binance,2024
VOW,2024/8/13,0x758efef41e60c0f218682e2fa027c54d8b67029d193dd7277d6a881a24b9a561,0x48de6bF9e301946b0a32b053804c61DC5f00c0c3,0x1BBf25e71EC48B84d773809B4bA55B6F4bE946Fb,Ethereum,2024
Aave,2024/8/28,0xc27c3ec61c61309c9af35af062a834e0d6914f9352113617400577c0f2b0e9de,0x6ea83f23795F55434C38bA67FCc428aec0C296DC,0x02e7B8511831B1b02d9018215a0f8f500Ea5c6B3,Ethereum,2024
Penpie,2024/9/4,0x42b2ec27c732100dd9037c76da415e10329ea41598de453bb0c0c9ea7ce0d8e5,0x7A2f4D625Fb21F5e51562cE8Dc2E722e12A61d1B,0xff51c6b493c1e4df4e491865352353eadff0f9f8,Ethereum,2024
CUT,2024/9/10,0x6262c0f15c88aed6f646ed1996eb6aae9ccc5d5704d5faccd1e1397dd047bc8a,0x5766d1F03378f50c7c981c014Ed5e5A8124f38A4,0x7057F3b0F4D0649B428F0D8378A8a0E7D21d36a7,Binance,2024
Shezmu,2024/9/21,0x39328ea4377a8887d3f6ce91b2f4c6b19a851e2fc5163e2f83bbc2fc136d0c71,0xA3a64255484aD65158AF0F9d96B5577F79901a1D,0xa35f69899796ddbc4a8904511d2f1f040b779cb7,Ethereum,2024
Bankroll,2024/9/23,0xd4c7c11c46f81b6bf98284e4921a5b9f0ff97b4c71ebade206cb10507e4503b0,0x4645863205b47a0A3344684489e8c446a437D66C,0x564D4126AF2B195fFAa7fB470ED658b1D9D07A54,Binance,2024
RockXUniBTC,2024/9/27,0x725f0d65340c859e0f64e72ca8260220c526c3e0ccde530004160809f6177940,0x2bFB373017349820dda2Da8230E6b66739BE9F96,0x702696b2aa47fd1d4feaaf03ce273009dc47d901,Ethereum,2024
VistaFinance,2024/10/22,0x84c385aab658d86b64e132e8db0c092756d5a9331a1131bf05f8214d08efba56,0x3D71366228EBD5196D45eE72f82405da601190ad,0x493361D6164093936c86Dcb35Ad03b4C0D032076,Binance,2024
vETH,2024/11/14,0x90db330d9e46609c9d3712b60e64e32e3a4a2f31075674a58dd81181122352f8,0x713d2b652e5f2a86233C57Af5341Db42a5559Dd1,0x280A8955A11FcD81D72bA1F99d265A48ce39aC2E,Ethereum,2024
Laura,2025/1/1,0xef34f4fdf03e403e3c94e96539354fb4fe0b79a5ec927eacc63bc04108dbf420,0x25869347f7993c50410a9B9b9c48F37D79E12a36,0x05641E33Fd15BAf819729dF55500b07b82Eb8E89,Ethereum,2025
Sorra,2025/1/4,0x6439d63cc57fb68a32ea8ffd8f02496e8abad67292be94904c0b47a4d14ce90d,0xdc8076c21365a93aaC0850B67e4cA5fDeC5FAb9b,0x5d16b8Ba2a9a4ECA6126635a6FFbF05b52727d50,Ethereum,2025
Fortunewheel,2025/1/10,0xd6ba15ecf3df9aaae37450df8f79233267af41535793ee1f69c565b50e28f7da,0xf1e73123594cb0F3655D40E4DD6bDe41Fa8806e8,0x384b9fb6E42dab87F3023D87ea1575499A69998E,Binance,2025
Mosca,2025/1/13,0xf13d281d4aa95f1aca457bd17f2531581b0ce918c90905d65934c9e67f6ae0ec,0xe763da20e25103da8e6afa84b6297f87de557419,0xd8791f0c10b831b605c5d48959eb763b266940b9,Binance,2025
AST,2025/1/21,0x80dd9362d211722b578af72d551f0a68e0dc1b1e077805353970b2f65e793927,0x56f77AdC522BFfebB3AF0669564122933AB5EA4f,0xc10e0319337c7f83342424df72e73a70a29579b2,Binance,2025
HegicOptions,2025/2/23,0x260d5eb9151c565efda80466de2e7eee9c6bd4973d54ff68c8e045a26f62ea73,0x4B53608fF0cE42cDF9Cf01D7d024C2c9ea1aA2e8,0x7094E706E75E13D1E0ea237f71A7C4511e9d270B,Ethereum,2025
H2O,2025/3/14,0x729c502a7dfd5332a9bdbcacec97137899ecc82c17d0797b9686a7f9f6005cb7,0x8842dd26fd301c74afc4df12e9cdabd9db107d1e,0xe9c4d4f095c7943a9ef5ec01afd1385d011855a1,Binance,2025
Webkeydao,2025/3/14,0xc9bccafdb0cd977556d1f88ac39bf8b455c0275ac1dd4b51d75950fb58bad4c8,0x3026c464d3bd6ef0ced0d49e80f171b58176ce32,0xc39c54868a4f842b02a99339f4a57a44efc310b8,Binance,2025
BBX,2025/3/20,0x0dd486368444598610239b934dd9e8c6474a06d11380d1cfec4d91568b5ac581,0x8AEa7516B3B6aABF474f8872c5e71c1a7907e69E,0x6051428b580f561b627247119eed4d0483b8d28e,Binance,2025
Alkimiya,2025/3/28,0x9b9a6dd05526a8a4b40e5e1a74a25df6ecccae6ee7bf045911ad89a1dd3f0814,0xF6ffBa5cbF285824000daC0B9431032169672B6e,0xf3F84cE038442aE4c4dCB6A8Ca8baCd7F28c9bDe,Ethereum,2025
SIR,2025/3/30,0xa05f047ddfdad9126624c4496b5d4a59f961ee7c091e7b4e38cee86f1335736f,0x27dEfcFA6498F957918F407Ed8A58Eba2884768c,0xB91AE2c8365FD45030abA84a4666C4dB074E53E7,Ethereum,2025
R0AR,2025/4/16,0xab2097bb3ce666493d0f76179f7206926adc8cec4ba16e88aed30c202d70c661,0x8149f77504007450711023cf0eC11BDd6348401F,0xb0415D55f2C87b7f99285848bd341C367FeAc1ea,Ethereum,2025
Life,2025/4/26,0x487fb71e3d2574e747c67a45971ec3966d275d0069d4f9da6d43901401f8f3c0,0x3026C464d3Bd6Ef0CeD0D49e80f171b58176Ce32,0x42e2773508e2AE8fF9434BEA599812e28449e2Cd,Binance,2025
Mobius,2025/5/11,0x2a65254b41b42f39331a0bcc9f893518d6b106e80d9a476b8ca3816325f4a150,0xb32a53af96f7735d47f4b76c525bd5eb02b42600,0x637D8Ce897bb653cb83bA436CDf76bBe158f05B1,Binance,2025
Zunami,2025/5/14,0xd7ce50992b36acbc746a821a74e5600230cfe5b36cfc155841581e376f4c14d2,0x051370419b871f7c05dee8f7134401530832e250,0xadFa8e4C7004a9373426aC4F37F146a42aE699AB,Ethereum,2025
Metapool,2025/6/17,0x57ee419a001d85085478d04dd2a73daa91175b1d7c11d8a8fb5622c56fd1fa69,0x48f1d0F5831Eb6e544f8cBDe777b527b87a1BE98,0x3747484567119592ff6841df399cf679955a111a,Ethereum,2025
Bankroll,2025/6/19,0x7226b3947c7e8651982e5bd777bca52d03ea31d19b515dec123595a4435ae22c,0x2deA406bb3bEa68d6be8D9Ef0071FDf63082Fb52,0xAdEfb902CaB716B8043c5231ae9A50b8b4eE7c4e,Binance,2025
Resupply,2025/6/26,0xffbbd492e0605a8bb6d490c3cd879e87ff60862b0684160d08fd5711e7a872d3,0x6D9f6E900ac2CE6770Fd9f04f98B7B0fc355E2EA,0x6e90c85a495d54c6d7e1f3400fef1f6e59f86bd6,Ethereum,2025
